Stock Name,Stock Link
ACC Ltd.,https://in.investing.com/equities/acc
Adani Enterprises Ltd.,https://in.investing.com/equities/adani-enterprises
Adani Green Energy Ltd.,https://in.investing.com/equities/adani-green-energy
Adani Ports and Special Economic Zone Ltd.,https://in.investing.com/equities/mundra-port-special-eco.-zone
Adani Transmission Ltd.,https://in.investing.com/equities/adani-transmission-ltd
Ambuja Cements Ltd.,https://in.investing.com/equities/ambuja-cements
Apollo Hospitals Enterprise Ltd.,https://in.investing.com/equities/apollo-hospitals
Asian Paints Ltd.,https://in.investing.com/equities/asian-paints
Aurobindo Pharma Ltd.,https://in.investing.com/equities/aurobindo-pharma
Avenue Supermarts Ltd.,https://in.investing.com/equities/avenue-supermarts-ltd
Axis Bank Ltd.,https://in.investing.com/equities/axis-bank
Bajaj Auto Ltd.,https://in.investing.com/equities/bajaj-auto
Bajaj Finance Ltd.,https://in.investing.com/equities/bajaj-finance
Bajaj Finserv Ltd.,https://in.investing.com/equities/bajaj-finserv-limited
Bajaj Holdings & Investment Ltd.,https://in.investing.com/equities/bajaj-holdings---investment
Bandhan Bank Ltd.,https://in.investing.com/equities/bandhan-bank-ltd
Bank of Baroda,https://in.investing.com/equities/bank-of-america
Berger Paints India Ltd.,https://in.investing.com/equities/berger-paints-(i)
Bharat Petroleum Corporation Ltd.,https://in.investing.com/equities/bharat-petroleum
Bharti Airtel Ltd.,https://in.investing.com/equities/bharti-airtel
Biocon Ltd.,https://in.investing.com/equities/biocon
Bosch Ltd.,https://in.investing.com/equities/bosch
Britannia Industries Ltd.,https://in.investing.com/equities/britannia-industries
Cadila Healthcare Ltd.,https://in.investing.com/equities/cadila-healthcare
Cholamandalam Investment and Finance Company Ltd.,https://in.investing.com/equities/cholamandalam-inv.-and-finance
Cipla Ltd.,https://in.investing.com/equities/cipla
Coal India Ltd.,https://in.investing.com/equities/coal-india
Colgate Palmolive (India) Ltd.,https://in.investing.com/equities/colgate-palmolive-(india)
DLF Ltd.,https://in.investing.com/equities/dlf
Dabur India Ltd.,https://in.investing.com/equities/dabur-india
Divi's Laboratories Ltd.,https://in.investing.com/equities/divis-laboratories
Dr. Reddy's Laboratories Ltd.,https://in.investing.com/equities/dr-reddys-laboratories
Eicher Motors Ltd.,https://in.investing.com/equities/eicher-motors
GAIL (India) Ltd.,https://in.investing.com/equities/gail-(india)
Gland Pharma Ltd.,https://in.investing.com/equities/gland-pharma
Godrej Consumer Products Ltd.,https://in.investing.com/equities/godrej-consumer-products
Grasim Industries Ltd.,https://in.investing.com/equities/grasim-industries
HCL Technologies Ltd.,https://in.investing.com/equities/hcl-technologies
HDFC Asset Management Company Ltd.,https://in.investing.com/equities/hdfc-asset-management-company-ltd
HDFC Bank Ltd.,https://in.investing.com/equities/hdfc-bank-ltd
HDFC Life Insurance Company Ltd.,https://in.investing.com/equities/hdfc-standard-life
Havells India Ltd.,https://in.investing.com/equities/havells-india
Hero MotoCorp Ltd.,https://in.investing.com/etfs/hero
Hindalco Industries Ltd.,https://in.investing.com/equities/hindalco-industries
Hindustan Petroleum Corporation Ltd.,https://in.investing.com/equities/hindustan-petroleum
Hindustan Unilever Ltd.,https://in.investing.com/equities/hindustan-unilever
Housing Development Finance Corporation Ltd.,https://in.investing.com/equities/housing-development-finance
ICICI Bank Ltd.,https://in.investing.com/equities/icici-bank-ltd
ICICI Lombard General Insurance Company Ltd.,https://in.investing.com/equities/icici-lombard
ICICI Prudential Life Insurance Company Ltd.,https://in.investing.com/equities/icici-prudential-life-insurance-com
ITC Ltd.,https://in.investing.com/equities/itc
Indian Oil Corporation Ltd.,https://in.investing.com/equities/indian-oil-corporation
Indraprastha Gas Ltd.,https://in.investing.com/equities/indraprastha-gas
Indus Towers Ltd.,https://in.investing.com/indices/us-30
IndusInd Bank Ltd.,https://in.investing.com/equities/indusind-bank
Info Edge (India) Ltd.,https://in.investing.com/equities/infomedia-press-ltd
Infosys Ltd.,https://in.investing.com/equities/infosys
InterGlobe Aviation Ltd.,https://in.investing.com/equities/interglobe-aviation-ltd
JSW Steel Ltd.,https://in.investing.com/equities/jastrzebska-spolka-weglowa
Jindal Steel & Power Ltd.,https://in.investing.com/equities/jindal-steel---power
Jubilant Foodworks Ltd.,https://in.investing.com/equities/jubilant-foodworks
Kotak Mahindra Bank Ltd.,https://in.investing.com/equities/kotak-mahindra-bank
Larsen & Toubro Infotech Ltd.,https://in.investing.com/equities/larsen-toubro-infotech-ltd
Larsen & Toubro Ltd.,https://in.investing.com/equities/larsen---toubro
Lupin Ltd.,https://in.investing.com/equities/lupin
Mahindra & Mahindra Ltd.,https://in.investing.com/equities/kotak-mahindra-bank
Marico Ltd.,https://in.investing.com/equities/marico
Maruti Suzuki India Ltd.,https://in.investing.com/equities/maruti-suzuki-india
Muthoot Finance Ltd.,https://in.investing.com/equities/muthoot-finance-ltd
NMDC Ltd.,https://in.investing.com/equities/nmdc
NTPC Ltd.,https://in.investing.com/equities/ntpc
Nestle India Ltd.,https://in.investing.com/equities/nestle
Oil & Natural Gas Corporation Ltd.,https://in.investing.com/commodities/brent-oil
PI Industries Ltd.,https://in.investing.com/equities/impinj-inc
Pidilite Industries Ltd.,https://in.investing.com/equities/pidilite-industries
Piramal Enterprises Ltd.,https://in.investing.com/equities/piramal-healthcare
Power Grid Corporation of India Ltd.,https://in.investing.com/equities/power-grid-corp.-of-india
Procter & Gamble Hygiene & Health Care Ltd.,https://in.investing.com/equities/procter-gamble-hygiene
Punjab National Bank,https://in.investing.com/equities/punjab-national-bank
Reliance Industries Ltd.,https://in.investing.com/equities/reliance-industries
SBI Cards and Payment Services Ltd.,https://in.investing.com/equities/sbi-cards-and-payment-services-ltd
SBI Life Insurance Company Ltd.,https://in.investing.com/equities/sbi-life-insurance
Shree Cement Ltd.,https://in.investing.com/equities/shree-cements
Siemens Ltd.,https://in.investing.com/equities/siemens-ltd
State Bank of India,https://in.investing.com/equities/state-bank-of-india
Steel Authority of India Ltd.,https://in.investing.com/equities/steel-authority-of-india
Sun Pharmaceutical Industries Ltd.,https://in.investing.com/equities/sun-pharma-advanced-research
Tata Consultancy Services Ltd.,https://in.investing.com/equities/tata-consultancy-services
Tata Consumer Products Ltd.,https://in.investing.com/equities/tata-global-beverages
Tata Motors Ltd.,https://in.investing.com/equities/tata-motors-ltd
Tata Steel Ltd.,https://in.investing.com/equities/tata-steel
Tech Mahindra Ltd.,https://in.investing.com/equities/tech-mahindra
Titan Company Ltd.,https://in.investing.com/equities/titan-industries
Torrent Pharmaceuticals Ltd.,https://in.investing.com/equities/torrent-pharmaceuticals
UPL Ltd.,https://in.investing.com/equities/united-phosphorus
UltraTech Cement Ltd.,https://in.investing.com/equities/ultratech-cement
United Spirits Ltd.,https://in.investing.com/equities/united-spirits
Vedanta Ltd.,https://in.investing.com/equities/sesa-goa
Wipro Ltd.,https://in.investing.com/equities/wipro-ltd
Yes Bank Ltd.,https://in.investing.com/equities/yes-bank
